GO.ID	Term	Annotated	Significant	Expected	Fisher
1	GO:0019438	aromatic compound biosynthetic process	893	8	4.25	0.0010
2	GO:0018130	heterocycle biosynthetic process	898	8	4.27	0.0011
3	GO:1901362	organic cyclic compound biosynthetic pro...	938	8	4.46	0.0014
4	GO:0006470	protein dephosphorylation	84	3	0.4	0.0040
5	GO:0016311	dephosphorylation	84	3	0.4	0.0042
6	GO:0009889	regulation of biosynthetic process	667	7	3.17	0.0060
7	GO:0019219	regulation of nucleobase-containing comp...	673	7	3.2	0.0063
8	GO:0010468	regulation of gene expression	699	7	3.33	0.0075
9	GO:0032774	RNA biosynthetic process	769	7	3.66	0.0082
10	GO:0010556	regulation of macromolecule biosynthetic...	667	7	3.17	0.0091
11	GO:0031323	regulation of cellular metabolic process	692	7	3.29	0.0093
12	GO:0031326	regulation of cellular biosynthetic proc...	667	7	3.17	0.0100
13	GO:0097659	nucleic acid-templated transcription	767	7	3.65	0.0156
14	GO:0034654	nucleobase-containing compound biosynthe...	832	7	3.96	0.0184
15	GO:0032502	developmental process	47	2	0.22	0.0207
16	GO:0044271	cellular nitrogen compound biosynthetic ...	1307	8	6.22	0.0212
17	GO:0098732	macromolecule deacylation	5	1	0.02	0.0221
18	GO:0035601	protein deacylation	5	1	0.02	0.0230
19	GO:0046184	aldehyde biosynthetic process	5	1	0.02	0.0242
20	GO:0042822	pyridoxal phosphate metabolic process	5	1	0.02	0.0248
21	GO:0019222	regulation of metabolic process	725	7	3.45	0.0332
22	GO:0051252	regulation of RNA metabolic process	663	7	3.16	0.0351
23	GO:0032501	multicellular organismal process	63	2	0.3	0.0357
24	GO:0080090	regulation of primary metabolic process	687	7	3.27	0.0385
25	GO:0051171	regulation of nitrogen compound metaboli...	687	7	3.27	0.0404
26	GO:0042823	pyridoxal phosphate biosynthetic process	5	1	0.02	0.0416
27	GO:0030163	protein catabolic process	76	2	0.36	0.0478
28	GO:0006081	cellular aldehyde metabolic process	11	1	0.05	0.0512
29	GO:0006766	vitamin metabolic process	26	1	0.12	0.0545
30	GO:0060255	regulation of macromolecule metabolic pr...	717	7	3.41	0.0587
31	GO:0072524	pyridine-containing compound metabolic p...	12	1	0.06	0.0591
32	GO:0072525	pyridine-containing compound biosyntheti...	12	1	0.06	0.0641
33	GO:0050794	regulation of cellular process	1055	8	5.02	0.0664
34	GO:0001101	response to acid chemical	6	1	0.03	0.0759
35	GO:1901565	organonitrogen compound catabolic proces...	104	2	0.5	0.0761
36	GO:1901617	organic hydroxy compound biosynthetic pr...	17	1	0.08	0.0798
37	GO:0042157	lipoprotein metabolic process	18	1	0.09	0.0849
38	GO:0042159	lipoprotein catabolic process	4	1	0.02	0.0874
39	GO:0009628	response to abiotic stimulus	18	1	0.09	0.0899
40	GO:0009057	macromolecule catabolic process	109	2	0.52	0.1050
41	GO:0010035	response to inorganic substance	9	1	0.04	0.1139
42	GO:0009110	vitamin biosynthetic process	26	1	0.12	0.1230
43	GO:0050789	regulation of biological process	1090	8	5.19	0.1331
44	GO:0065007	biological regulation	1121	8	5.34	0.1500
45	GO:1901615	organic hydroxy compound metabolic proce...	33	1	0.16	0.1518
46	GO:1901700	response to oxygen-containing compound	13	1	0.06	0.1646
47	GO:0031497	chromatin assembly	19	1	0.09	0.1667
48	GO:0046483	heterocycle metabolic process	1449	8	6.9	0.1694
49	GO:0006725	cellular aromatic compound metabolic pro...	1451	8	6.91	0.1706
50	GO:0006325	chromatin organization	29	1	0.14	0.1866
51	GO:0042816	vitamin B6 metabolic process	6	1	0.03	0.1875
52	GO:0042819	vitamin B6 biosynthetic process	6	1	0.03	0.1875
53	GO:0009415	response to water	6	1	0.03	0.2143
54	GO:0000226	microtubule cytoskeleton organization	34	1	0.16	0.2179
55	GO:0044257	cellular protein catabolic process	66	1	0.31	0.2238
56	GO:0071704	organic substance metabolic process	4034	20	19.2	0.2272
57	GO:0006508	proteolysis	344	3	1.64	0.2281
58	GO:0055085	transmembrane transport	408	3	1.94	0.2352
59	GO:0044249	cellular biosynthetic process	1598	8	7.61	0.2377
60	GO:1901575	organic substance catabolic process	195	2	0.93	0.2499
61	GO:0009056	catabolic process	214	2	1.02	0.2531
62	GO:0044265	cellular macromolecule catabolic process	90	1	0.43	0.2531
63	GO:0006355	regulation of transcription, DNA-templat...	662	7	3.15	0.2551
64	GO:0071824	protein-DNA complex subunit organization	23	1	0.11	0.2556
65	GO:0044238	primary metabolic process	3828	19	18.22	0.2693
66	GO:0006807	nitrogen compound metabolic process	3349	17	15.94	0.2694
67	GO:0007275	multicellular organism development	36	2	0.17	0.3029
68	GO:0016070	RNA metabolic process	1020	7	4.85	0.3086
69	GO:0065004	protein-DNA complex assembly	22	1	0.1	0.3188
70	GO:0006457	protein folding	88	1	0.42	0.3215
71	GO:2001141	regulation of RNA biosynthetic process	662	7	3.15	0.3303
72	GO:0042221	response to chemical	79	1	0.38	0.3544
73	GO:1903506	regulation of nucleic acid-templated tra...	662	7	3.15	0.3553
74	GO:0090304	nucleic acid metabolic process	1206	7	5.74	0.3951
75	GO:0006464	cellular protein modification process	1081	5	5.15	0.3963
76	GO:0007017	microtubule-based process	117	1	0.56	0.4038
77	GO:0006793	phosphorus metabolic process	1070	5	5.09	0.4257
78	GO:0006950	response to stress	264	2	1.26	0.4293
79	GO:0043170	macromolecule metabolic process	3046	16	14.5	0.4353
80	GO:0009059	macromolecule biosynthetic process	1253	7	5.96	0.4373
81	GO:0044248	cellular catabolic process	143	1	0.68	0.4377
82	GO:0006996	organelle organization	196	2	0.93	0.4377
83	GO:0090407	organophosphate biosynthetic process	120	1	0.57	0.4408
84	GO:0071840	cellular component organization or bioge...	342	2	1.63	0.4453
85	GO:0006629	lipid metabolic process	303	2	1.44	0.4492
86	GO:1901360	organic cyclic compound metabolic proces...	1486	8	7.07	0.4674
87	GO:0051603	proteolysis involved in cellular protein...	66	1	0.31	0.4733
88	GO:0044283	small molecule biosynthetic process	150	1	0.71	0.4809
89	GO:0022607	cellular component assembly	104	1	0.5	0.5163
90	GO:0043933	protein-containing complex organization	90	1	0.43	0.5164
91	GO:0009058	biosynthetic process	1699	8	8.09	0.5293
92	GO:0050896	response to stimulus	583	3	2.77	0.5340
93	GO:0065003	protein-containing complex assembly	68	1	0.32	0.5397
94	GO:0005975	carbohydrate metabolic process	365	2	1.74	0.5513
95	GO:0051276	chromosome organization	67	1	0.32	0.5680
96	GO:0006139	nucleobase-containing compound metabolic...	1364	7	6.49	0.5771
97	GO:1901576	organic substance biosynthetic process	1631	8	7.76	0.5782
98	GO:0007010	cytoskeleton organization	73	1	0.35	0.6074
99	GO:0043632	modification-dependent macromolecule cat...	55	1	0.26	0.6111
100	GO:0034641	cellular nitrogen compound metabolic pro...	1823	8	8.68	0.6170
101	GO:0034728	nucleosome organization	20	1	0.1	0.6250
102	GO:0019538	protein metabolic process	1838	9	8.75	0.6360
103	GO:0010467	gene expression	1385	7	6.59	0.6486
104	GO:0048856	anatomical structure development	38	2	0.18	0.6503
105	GO:0019637	organophosphate metabolic process	207	1	0.99	0.6513
106	GO:0007165	signal transduction	251	1	1.19	0.6756
107	GO:0036211	protein modification process	1081	5	5.15	0.6802
108	GO:0044085	cellular component biogenesis	152	1	0.72	0.6921
109	GO:0023052	signaling	251	1	1.19	0.7054
110	GO:1901564	organonitrogen compound metabolic proces...	2176	10	10.36	0.7138
111	GO:0007154	cell communication	285	1	1.36	0.7228
112	GO:0008152	metabolic process	4629	21	22.03	0.7433
113	GO:0016043	cellular component organization	296	2	1.41	0.7487
114	GO:0043412	macromolecule modification	1122	5	5.34	0.7613
115	GO:0002084	protein depalmitoylation	4	1	0.02	0.8000
116	GO:0098734	macromolecule depalmitoylation	4	1	0.02	0.8000
117	GO:0051179	localization	888	3	4.23	0.8155
118	GO:0051716	cellular response to stimulus	379	1	1.8	0.8258
119	GO:0006334	nucleosome assembly	19	1	0.09	0.8261
120	GO:0044267	cellular protein metabolic process	1569	6	7.47	0.8327
121	GO:0019941	modification-dependent protein catabolic...	55	1	0.26	0.8333
122	GO:0009987	cellular process	4819	21	22.94	0.8531
123	GO:0044281	small molecule metabolic process	477	1	2.27	0.8986
124	GO:0044237	cellular metabolic process	3531	14	16.81	0.9003
125	GO:0044260	cellular macromolecule metabolic process	1830	6	8.71	0.9003
126	GO:0006810	transport	873	3	4.16	0.9697
127	GO:0051234	establishment of localization	882	3	4.2	0.9798
128	GO:1901566	organonitrogen compound biosynthetic pro...	655	1	3.12	0.9821
129	GO:0006468	protein phosphorylation	765	1	3.64	0.9964
130	GO:0016310	phosphorylation	818	1	3.89	0.9993
131	GO:0006796	phosphate-containing compound metabolic ...	1070	5	5.09	1.0000
132	GO:0006767	water-soluble vitamin metabolic process	26	1	0.12	1.0000
133	GO:0006511	ubiquitin-dependent protein catabolic pr...	55	1	0.26	1.0000
134	GO:0006338	chromatin remodeling	29	1	0.14	1.0000
135	GO:0006351	transcription, DNA-templated	767	7	3.65	1.0000
136	GO:0008150	biological_process	6303	30	30	1.0000
137	GO:0042364	water-soluble vitamin biosynthetic proce...	26	1	0.12	1.0000
138	GO:0000003	reproduction	32	0	0.15	1.0000
139	GO:0000041	transition metal ion transport	13	0	0.06	1.0000
140	GO:0000045	autophagosome assembly	11	0	0.05	1.0000
141	GO:0000070	mitotic sister chromatid segregation	15	0	0.07	1.0000
142	GO:0000075	cell cycle checkpoint signaling	12	0	0.06	1.0000
143	GO:0000077	DNA damage checkpoint signaling	5	0	0.02	1.0000
144	GO:0000079	regulation of cyclin-dependent protein s...	8	0	0.04	1.0000
145	GO:0000096	sulfur amino acid metabolic process	11	0	0.05	1.0000
146	GO:0000097	sulfur amino acid biosynthetic process	9	0	0.04	1.0000
147	GO:0000103	sulfate assimilation	4	0	0.02	1.0000
148	GO:0000105	histidine biosynthetic process	8	0	0.04	1.0000
149	GO:0000154	rRNA modification	3	0	0.01	1.0000
150	GO:0000160	phosphorelay signal transduction system	34	0	0.16	1.0000
151	GO:0000245	spliceosomal complex assembly	3	0	0.01	1.0000
152	GO:0000271	polysaccharide biosynthetic process	21	0	0.1	1.0000
153	GO:0000272	polysaccharide catabolic process	9	0	0.04	1.0000
154	GO:0000278	mitotic cell cycle	24	0	0.11	1.0000
155	GO:0000280	nuclear division	18	0	0.09	1.0000
156	GO:0000375	RNA splicing, via transesterification re...	31	0	0.15	1.0000
157	GO:0000377	RNA splicing, via transesterification re...	31	0	0.15	1.0000
158	GO:0000387	spliceosomal snRNP assembly	7	0	0.03	1.0000
159	GO:0000394	RNA splicing, via endonucleolytic cleava...	5	0	0.02	1.0000
160	GO:0000398	mRNA splicing, via spliceosome	31	0	0.15	1.0000
161	GO:0000413	protein peptidyl-prolyl isomerization	30	0	0.14	1.0000
162	GO:0000723	telomere maintenance	6	0	0.03	1.0000
163	GO:0000724	double-strand break repair via homologou...	5	0	0.02	1.0000
164	GO:0000725	recombinational repair	5	0	0.02	1.0000
165	GO:0000737	DNA catabolic process, endonucleolytic	3	0	0.01	1.0000
166	GO:0000819	sister chromatid segregation	15	0	0.07	1.0000
167	GO:0000910	cytokinesis	11	0	0.05	1.0000
168	GO:0001510	RNA methylation	10	0	0.05	1.0000
169	GO:0001522	pseudouridine synthesis	21	0	0.1	1.0000
170	GO:0001678	cellular glucose homeostasis	5	0	0.02	1.0000
171	GO:0001932	regulation of protein phosphorylation	14	0	0.07	1.0000
172	GO:0001934	positive regulation of protein phosphory...	6	0	0.03	1.0000
173	GO:0003333	amino acid transmembrane transport	24	0	0.11	1.0000
174	GO:0005976	polysaccharide metabolic process	51	0	0.24	1.0000
175	GO:0005984	disaccharide metabolic process	31	0	0.15	1.0000
176	GO:0005985	sucrose metabolic process	13	0	0.06	1.0000
177	GO:0005986	sucrose biosynthetic process	4	0	0.02	1.0000
178	GO:0005991	trehalose metabolic process	18	0	0.09	1.0000
179	GO:0005992	trehalose biosynthetic process	17	0	0.08	1.0000
180	GO:0005996	monosaccharide metabolic process	18	0	0.09	1.0000
181	GO:0006006	glucose metabolic process	11	0	0.05	1.0000
182	GO:0006013	mannose metabolic process	4	0	0.02	1.0000
183	GO:0006020	inositol metabolic process	6	0	0.03	1.0000
184	GO:0006021	inositol biosynthetic process	3	0	0.01	1.0000
185	GO:0006022	aminoglycan metabolic process	10	0	0.05	1.0000
186	GO:0006026	aminoglycan catabolic process	8	0	0.04	1.0000
187	GO:0006030	chitin metabolic process	8	0	0.04	1.0000
188	GO:0006032	chitin catabolic process	8	0	0.04	1.0000
189	GO:0006040	amino sugar metabolic process	8	0	0.04	1.0000
190	GO:0006066	alcohol metabolic process	22	0	0.1	1.0000
191	GO:0006072	glycerol-3-phosphate metabolic process	4	0	0.02	1.0000
192	GO:0006073	cellular glucan metabolic process	41	0	0.2	1.0000
193	GO:0006074	(1->3)-beta-D-glucan metabolic process	11	0	0.05	1.0000
194	GO:0006075	(1->3)-beta-D-glucan biosynthetic proces...	11	0	0.05	1.0000
195	GO:0006082	organic acid metabolic process	301	0	1.43	1.0000
196	GO:0006089	lactate metabolic process	3	0	0.01	1.0000
197	GO:0006090	pyruvate metabolic process	41	0	0.2	1.0000
198	GO:0006091	generation of precursor metabolites and ...	106	0	0.5	1.0000
199	GO:0006094	gluconeogenesis	3	0	0.01	1.0000
200	GO:0006096	glycolytic process	38	0	0.18	1.0000
201	GO:0006098	pentose-phosphate shunt	7	0	0.03	1.0000
202	GO:0006099	tricarboxylic acid cycle	7	0	0.03	1.0000
203	GO:0006102	isocitrate metabolic process	3	0	0.01	1.0000
204	GO:0006108	malate metabolic process	4	0	0.02	1.0000
205	GO:0006119	oxidative phosphorylation	9	0	0.04	1.0000
206	GO:0006122	mitochondrial electron transport, ubiqui...	6	0	0.03	1.0000
207	GO:0006163	purine nucleotide metabolic process	87	0	0.41	1.0000
208	GO:0006164	purine nucleotide biosynthetic process	41	0	0.2	1.0000
209	GO:0006165	nucleoside diphosphate phosphorylation	43	0	0.2	1.0000
210	GO:0006183	GTP biosynthetic process	5	0	0.02	1.0000
211	GO:0006188	IMP biosynthetic process	6	0	0.03	1.0000
212	GO:0006189	'de novo' IMP biosynthetic process	3	0	0.01	1.0000
213	GO:0006213	pyrimidine nucleoside metabolic process	3	0	0.01	1.0000
214	GO:0006216	cytidine catabolic process	3	0	0.01	1.0000
215	GO:0006220	pyrimidine nucleotide metabolic process	15	0	0.07	1.0000
216	GO:0006221	pyrimidine nucleotide biosynthetic proce...	14	0	0.07	1.0000
217	GO:0006228	UTP biosynthetic process	5	0	0.02	1.0000
218	GO:0006231	dTMP biosynthetic process	3	0	0.01	1.0000
219	GO:0006241	CTP biosynthetic process	5	0	0.02	1.0000
220	GO:0006259	DNA metabolic process	196	0	0.93	1.0000
221	GO:0006260	DNA replication	52	0	0.25	1.0000
222	GO:0006261	DNA-templated DNA replication	8	0	0.04	1.0000
223	GO:0006265	DNA topological change	12	0	0.06	1.0000
224	GO:0006270	DNA replication initiation	4	0	0.02	1.0000
225	GO:0006275	regulation of DNA replication	3	0	0.01	1.0000
226	GO:0006281	DNA repair	122	0	0.58	1.0000
227	GO:0006282	regulation of DNA repair	3	0	0.01	1.0000
228	GO:0006284	base-excision repair	17	0	0.08	1.0000
229	GO:0006289	nucleotide-excision repair	14	0	0.07	1.0000
230	GO:0006298	mismatch repair	12	0	0.06	1.0000
231	GO:0006302	double-strand break repair	10	0	0.05	1.0000
232	GO:0006308	DNA catabolic process	8	0	0.04	1.0000
233	GO:0006310	DNA recombination	37	0	0.18	1.0000
234	GO:0006352	DNA-templated transcription, initiation	31	0	0.15	1.0000
235	GO:0006353	DNA-templated transcription, termination	4	0	0.02	1.0000
236	GO:0006354	DNA-templated transcription, elongation	6	0	0.03	1.0000
237	GO:0006357	regulation of transcription by RNA polym...	20	0	0.1	1.0000
238	GO:0006359	regulation of transcription by RNA polym...	3	0	0.01	1.0000
239	GO:0006364	rRNA processing	24	0	0.11	1.0000
240	GO:0006366	transcription by RNA polymerase II	33	0	0.16	1.0000
241	GO:0006367	transcription initiation from RNA polyme...	8	0	0.04	1.0000
242	GO:0006368	transcription elongation from RNA polyme...	5	0	0.02	1.0000
243	GO:0006370	7-methylguanosine mRNA capping	3	0	0.01	1.0000
244	GO:0006376	mRNA splice site selection	3	0	0.01	1.0000
245	GO:0006378	mRNA polyadenylation	3	0	0.01	1.0000
246	GO:0006383	transcription by RNA polymerase III	8	0	0.04	1.0000
247	GO:0006384	transcription initiation from RNA polyme...	3	0	0.01	1.0000
248	GO:0006388	tRNA splicing, via endonucleolytic cleav...	5	0	0.02	1.0000
249	GO:0006396	RNA processing	172	0	0.82	1.0000
250	GO:0006397	mRNA processing	60	0	0.29	1.0000
251	GO:0006399	tRNA metabolic process	85	0	0.4	1.0000
252	GO:0006400	tRNA modification	9	0	0.04	1.0000
253	GO:0006401	RNA catabolic process	7	0	0.03	1.0000
254	GO:0006402	mRNA catabolic process	7	0	0.03	1.0000
255	GO:0006412	translation	402	0	1.91	1.0000
256	GO:0006413	translational initiation	25	0	0.12	1.0000
257	GO:0006414	translational elongation	15	0	0.07	1.0000
258	GO:0006415	translational termination	13	0	0.06	1.0000
259	GO:0006417	regulation of translation	5	0	0.02	1.0000
260	GO:0006418	tRNA aminoacylation for protein translat...	42	0	0.2	1.0000
261	GO:0006419	alanyl-tRNA aminoacylation	3	0	0.01	1.0000
262	GO:0006433	prolyl-tRNA aminoacylation	3	0	0.01	1.0000
263	GO:0006448	regulation of translational elongation	5	0	0.02	1.0000
264	GO:0006449	regulation of translational termination	3	0	0.01	1.0000
265	GO:0006452	translational frameshifting	3	0	0.01	1.0000
266	GO:0006465	signal peptide processing	9	0	0.04	1.0000
267	GO:0006473	protein acetylation	8	0	0.04	1.0000
268	GO:0006475	internal protein amino acid acetylation	8	0	0.04	1.0000
269	GO:0006479	protein methylation	24	0	0.11	1.0000
270	GO:0006486	protein glycosylation	43	0	0.2	1.0000
271	GO:0006487	protein N-linked glycosylation	10	0	0.05	1.0000
272	GO:0006497	protein lipidation	14	0	0.07	1.0000
273	GO:0006505	GPI anchor metabolic process	17	0	0.08	1.0000
274	GO:0006506	GPI anchor biosynthetic process	13	0	0.06	1.0000
275	GO:0006518	peptide metabolic process	416	0	1.98	1.0000
276	GO:0006520	cellular amino acid metabolic process	154	0	0.73	1.0000
277	GO:0006525	arginine metabolic process	5	0	0.02	1.0000
278	GO:0006526	arginine biosynthetic process	3	0	0.01	1.0000
279	GO:0006528	asparagine metabolic process	4	0	0.02	1.0000
280	GO:0006529	asparagine biosynthetic process	4	0	0.02	1.0000
281	GO:0006534	cysteine metabolic process	5	0	0.02	1.0000
282	GO:0006535	cysteine biosynthetic process from serin...	5	0	0.02	1.0000
283	GO:0006536	glutamate metabolic process	3	0	0.01	1.0000
284	GO:0006537	glutamate biosynthetic process	3	0	0.01	1.0000
285	GO:0006541	glutamine metabolic process	16	0	0.08	1.0000
286	GO:0006542	glutamine biosynthetic process	6	0	0.03	1.0000
287	GO:0006544	glycine metabolic process	5	0	0.02	1.0000
288	GO:0006545	glycine biosynthetic process	3	0	0.01	1.0000
289	GO:0006547	histidine metabolic process	8	0	0.04	1.0000
290	GO:0006553	lysine metabolic process	4	0	0.02	1.0000
291	GO:0006555	methionine metabolic process	6	0	0.03	1.0000
292	GO:0006556	S-adenosylmethionine biosynthetic proces...	4	0	0.02	1.0000
293	GO:0006558	L-phenylalanine metabolic process	7	0	0.03	1.0000
294	GO:0006563	L-serine metabolic process	5	0	0.02	1.0000
295	GO:0006568	tryptophan metabolic process	8	0	0.04	1.0000
296	GO:0006570	tyrosine metabolic process	3	0	0.01	1.0000
297	GO:0006575	cellular modified amino acid metabolic p...	20	0	0.1	1.0000
298	GO:0006576	cellular biogenic amine metabolic proces...	18	0	0.09	1.0000
299	GO:0006586	indolalkylamine metabolic process	8	0	0.04	1.0000
300	GO:0006595	polyamine metabolic process	8	0	0.04	1.0000
301	GO:0006596	polyamine biosynthetic process	8	0	0.04	1.0000
302	GO:0006597	spermine biosynthetic process	5	0	0.02	1.0000
303	GO:0006605	protein targeting	35	0	0.17	1.0000
304	GO:0006606	protein import into nucleus	8	0	0.04	1.0000
305	GO:0006612	protein targeting to membrane	17	0	0.08	1.0000
306	GO:0006613	cotranslational protein targeting to mem...	11	0	0.05	1.0000
307	GO:0006614	SRP-dependent cotranslational protein ta...	11	0	0.05	1.0000
308	GO:0006620	post-translational protein targeting to ...	5	0	0.02	1.0000
309	GO:0006621	protein retention in ER lumen	6	0	0.03	1.0000
310	GO:0006625	protein targeting to peroxisome	4	0	0.02	1.0000
311	GO:0006626	protein targeting to mitochondrion	9	0	0.04	1.0000
312	GO:0006631	fatty acid metabolic process	64	0	0.3	1.0000
313	GO:0006633	fatty acid biosynthetic process	47	0	0.22	1.0000
314	GO:0006635	fatty acid beta-oxidation	6	0	0.03	1.0000
315	GO:0006637	acyl-CoA metabolic process	3	0	0.01	1.0000
316	GO:0006643	membrane lipid metabolic process	29	0	0.14	1.0000
317	GO:0006644	phospholipid metabolic process	69	0	0.33	1.0000
318	GO:0006650	glycerophospholipid metabolic process	48	0	0.23	1.0000
319	GO:0006661	phosphatidylinositol biosynthetic proces...	30	0	0.14	1.0000
320	GO:0006662	glycerol ether metabolic process	31	0	0.15	1.0000
321	GO:0006664	glycolipid metabolic process	23	0	0.11	1.0000
322	GO:0006665	sphingolipid metabolic process	6	0	0.03	1.0000
323	GO:0006694	steroid biosynthetic process	24	0	0.11	1.0000
324	GO:0006720	isoprenoid metabolic process	27	0	0.13	1.0000
325	GO:0006721	terpenoid metabolic process	8	0	0.04	1.0000
326	GO:0006739	NADP metabolic process	10	0	0.05	1.0000
327	GO:0006740	NADPH regeneration	7	0	0.03	1.0000
328	GO:0006741	NADP biosynthetic process	3	0	0.01	1.0000
329	GO:0006749	glutathione metabolic process	3	0	0.01	1.0000
330	GO:0006753	nucleoside phosphate metabolic process	110	0	0.52	1.0000
331	GO:0006754	ATP biosynthetic process	21	0	0.1	1.0000
332	GO:0006757	ATP generation from ADP	38	0	0.18	1.0000
333	GO:0006760	folic acid-containing compound metabolic...	12	0	0.06	1.0000
334	GO:0006771	riboflavin metabolic process	9	0	0.04	1.0000
335	GO:0006772	thiamine metabolic process	4	0	0.02	1.0000
336	GO:0006777	Mo-molybdopterin cofactor biosynthetic p...	3	0	0.01	1.0000
337	GO:0006778	porphyrin-containing compound metabolic ...	16	0	0.08	1.0000
338	GO:0006779	porphyrin-containing compound biosynthet...	10	0	0.05	1.0000
339	GO:0006783	heme biosynthetic process	3	0	0.01	1.0000
340	GO:0006787	porphyrin-containing compound catabolic ...	6	0	0.03	1.0000
341	GO:0006788	heme oxidation	4	0	0.02	1.0000
342	GO:0006790	sulfur compound metabolic process	47	0	0.22	1.0000
343	GO:0006801	superoxide metabolic process	8	0	0.04	1.0000
344	GO:0006811	ion transport	191	0	0.91	1.0000
345	GO:0006812	cation transport	134	0	0.64	1.0000
346	GO:0006813	potassium ion transport	15	0	0.07	1.0000
347	GO:0006814	sodium ion transport	3	0	0.01	1.0000
348	GO:0006820	anion transport	42	0	0.2	1.0000
349	GO:0006821	chloride transport	8	0	0.04	1.0000
350	GO:0006826	iron ion transport	8	0	0.04	1.0000
351	GO:0006835	dicarboxylic acid transport	8	0	0.04	1.0000
352	GO:0006839	mitochondrial transport	9	0	0.04	1.0000
353	GO:0006848	pyruvate transport	4	0	0.02	1.0000
354	GO:0006850	mitochondrial pyruvate transmembrane tra...	4	0	0.02	1.0000
355	GO:0006855	xenobiotic transmembrane transport	36	0	0.17	1.0000
356	GO:0006865	amino acid transport	24	0	0.11	1.0000
357	GO:0006869	lipid transport	16	0	0.08	1.0000
358	GO:0006873	cellular ion homeostasis	8	0	0.04	1.0000
359	GO:0006875	cellular metal ion homeostasis	5	0	0.02	1.0000
360	GO:0006879	cellular iron ion homeostasis	5	0	0.02	1.0000
361	GO:0006886	intracellular protein transport	132	0	0.63	1.0000
362	GO:0006887	exocytosis	31	0	0.15	1.0000
363	GO:0006888	endoplasmic reticulum to Golgi vesicle-m...	18	0	0.09	1.0000
364	GO:0006890	retrograde vesicle-mediated transport, G...	3	0	0.01	1.0000
365	GO:0006891	intra-Golgi vesicle-mediated transport	3	0	0.01	1.0000
366	GO:0006904	vesicle docking involved in exocytosis	9	0	0.04	1.0000
367	GO:0006913	nucleocytoplasmic transport	13	0	0.06	1.0000
368	GO:0006914	autophagy	18	0	0.09	1.0000
369	GO:0006928	movement of cell or subcellular componen...	63	0	0.3	1.0000
370	GO:0006952	defense response	22	0	0.1	1.0000
371	GO:0006974	cellular response to DNA damage stimulus	125	0	0.59	1.0000
372	GO:0006979	response to oxidative stress	59	0	0.28	1.0000
373	GO:0007005	mitochondrion organization	19	0	0.09	1.0000
374	GO:0007006	mitochondrial membrane organization	4	0	0.02	1.0000
375	GO:0007008	outer mitochondrial membrane organizatio...	3	0	0.01	1.0000
376	GO:0007015	actin filament organization	23	0	0.11	1.0000
377	GO:0007018	microtubule-based movement	63	0	0.3	1.0000
378	GO:0007020	microtubule nucleation	3	0	0.01	1.0000
379	GO:0007031	peroxisome organization	11	0	0.05	1.0000
380	GO:0007033	vacuole organization	16	0	0.08	1.0000
381	GO:0007034	vacuolar transport	13	0	0.06	1.0000
382	GO:0007049	cell cycle	80	0	0.38	1.0000
383	GO:0007051	spindle organization	11	0	0.05	1.0000
384	GO:0007052	mitotic spindle organization	6	0	0.03	1.0000
385	GO:0007059	chromosome segregation	20	0	0.1	1.0000
386	GO:0007076	mitotic chromosome condensation	6	0	0.03	1.0000
387	GO:0007088	regulation of mitotic nuclear division	5	0	0.02	1.0000
388	GO:0007091	metaphase/anaphase transition of mitotic...	8	0	0.04	1.0000
389	GO:0007093	mitotic cell cycle checkpoint signaling	7	0	0.03	1.0000
390	GO:0007094	mitotic spindle assembly checkpoint sign...	5	0	0.02	1.0000
391	GO:0007186	G protein-coupled receptor signaling pat...	14	0	0.07	1.0000
392	GO:0007205	protein kinase C-activating G protein-co...	6	0	0.03	1.0000
393	GO:0007264	small GTPase mediated signal transductio...	44	0	0.21	1.0000
394	GO:0007265	Ras protein signal transduction	6	0	0.03	1.0000
395	GO:0007346	regulation of mitotic cell cycle	10	0	0.05	1.0000
396	GO:0008033	tRNA processing	42	0	0.2	1.0000
397	GO:0008037	cell recognition	27	0	0.13	1.0000
398	GO:0008064	regulation of actin polymerization or de...	7	0	0.03	1.0000
399	GO:0008104	protein localization	177	0	0.84	1.0000
400	GO:0008154	actin polymerization or depolymerization	16	0	0.08	1.0000
401	GO:0008202	steroid metabolic process	25	0	0.12	1.0000
402	GO:0008213	protein alkylation	24	0	0.11	1.0000
403	GO:0008215	spermine metabolic process	5	0	0.02	1.0000
404	GO:0008216	spermidine metabolic process	7	0	0.03	1.0000
405	GO:0008272	sulfate transport	10	0	0.05	1.0000
406	GO:0008283	cell population proliferation	5	0	0.02	1.0000
407	GO:0008295	spermidine biosynthetic process	7	0	0.03	1.0000
408	GO:0008299	isoprenoid biosynthetic process	27	0	0.13	1.0000
409	GO:0008380	RNA splicing	39	0	0.19	1.0000
410	GO:0008610	lipid biosynthetic process	158	0	0.75	1.0000
411	GO:0008643	carbohydrate transport	6	0	0.03	1.0000
412	GO:0008652	cellular amino acid biosynthetic process	54	0	0.26	1.0000
413	GO:0008654	phospholipid biosynthetic process	49	0	0.23	1.0000
414	GO:0009052	pentose-phosphate shunt, non-oxidative b...	4	0	0.02	1.0000
415	GO:0009060	aerobic respiration	17	0	0.08	1.0000
416	GO:0009062	fatty acid catabolic process	6	0	0.03	1.0000
417	GO:0009063	cellular amino acid catabolic process	9	0	0.04	1.0000
418	GO:0009064	glutamine family amino acid metabolic pr...	26	0	0.12	1.0000
419	GO:0009065	glutamine family amino acid catabolic pr...	3	0	0.01	1.0000
420	GO:0009066	aspartate family amino acid metabolic pr...	14	0	0.07	1.0000
421	GO:0009067	aspartate family amino acid biosynthetic...	12	0	0.06	1.0000
422	GO:0009069	serine family amino acid metabolic proce...	10	0	0.05	1.0000
423	GO:0009070	serine family amino acid biosynthetic pr...	8	0	0.04	1.0000
424	GO:0009072	aromatic amino acid family metabolic pro...	27	0	0.13	1.0000
425	GO:0009073	aromatic amino acid family biosynthetic ...	17	0	0.08	1.0000
426	GO:0009074	aromatic amino acid family catabolic pro...	3	0	0.01	1.0000
427	GO:0009081	branched-chain amino acid metabolic proc...	3	0	0.01	1.0000
428	GO:0009082	branched-chain amino acid biosynthetic p...	3	0	0.01	1.0000
429	GO:0009084	glutamine family amino acid biosynthetic...	13	0	0.06	1.0000
430	GO:0009085	lysine biosynthetic process	4	0	0.02	1.0000
431	GO:0009086	methionine biosynthetic process	4	0	0.02	1.0000
432	GO:0009089	lysine biosynthetic process via diaminop...	4	0	0.02	1.0000
433	GO:0009094	L-phenylalanine biosynthetic process	6	0	0.03	1.0000
434	GO:0009095	aromatic amino acid family biosynthetic ...	8	0	0.04	1.0000
435	GO:0009100	glycoprotein metabolic process	46	0	0.22	1.0000
436	GO:0009101	glycoprotein biosynthetic process	45	0	0.21	1.0000
437	GO:0009106	lipoate metabolic process	4	0	0.02	1.0000
438	GO:0009107	lipoate biosynthetic process	4	0	0.02	1.0000
439	GO:0009112	nucleobase metabolic process	3	0	0.01	1.0000
440	GO:0009116	nucleoside metabolic process	18	0	0.09	1.0000
441	GO:0009117	nucleotide metabolic process	108	0	0.51	1.0000
442	GO:0009119	ribonucleoside metabolic process	3	0	0.01	1.0000
443	GO:0009123	nucleoside monophosphate metabolic proce...	10	0	0.05	1.0000
444	GO:0009124	nucleoside monophosphate biosynthetic pr...	10	0	0.05	1.0000
445	GO:0009126	purine nucleoside monophosphate metaboli...	7	0	0.03	1.0000
446	GO:0009127	purine nucleoside monophosphate biosynth...	7	0	0.03	1.0000
447	GO:0009129	pyrimidine nucleoside monophosphate meta...	3	0	0.01	1.0000
448	GO:0009130	pyrimidine nucleoside monophosphate bios...	3	0	0.01	1.0000
449	GO:0009132	nucleoside diphosphate metabolic process	45	0	0.21	1.0000
450	GO:0009135	purine nucleoside diphosphate metabolic ...	38	0	0.18	1.0000
451	GO:0009141	nucleoside triphosphate metabolic proces...	27	0	0.13	1.0000
452	GO:0009142	nucleoside triphosphate biosynthetic pro...	26	0	0.12	1.0000
453	GO:0009144	purine nucleoside triphosphate metabolic...	26	0	0.12	1.0000
454	GO:0009145	purine nucleoside triphosphate biosynthe...	26	0	0.12	1.0000
455	GO:0009147	pyrimidine nucleoside triphosphate metab...	6	0	0.03	1.0000
456	GO:0009148	pyrimidine nucleoside triphosphate biosy...	5	0	0.02	1.0000
457	GO:0009150	purine ribonucleotide metabolic process	83	0	0.4	1.0000
458	GO:0009152	purine ribonucleotide biosynthetic proce...	37	0	0.18	1.0000
459	GO:0009156	ribonucleoside monophosphate biosyntheti...	7	0	0.03	1.0000
460	GO:0009157	deoxyribonucleoside monophosphate biosyn...	3	0	0.01	1.0000
461	GO:0009161	ribonucleoside monophosphate metabolic p...	7	0	0.03	1.0000
462	GO:0009162	deoxyribonucleoside monophosphate metabo...	3	0	0.01	1.0000
463	GO:0009164	nucleoside catabolic process	3	0	0.01	1.0000
464	GO:0009165	nucleotide biosynthetic process	59	0	0.28	1.0000
465	GO:0009167	purine ribonucleoside monophosphate meta...	7	0	0.03	1.0000
466	GO:0009168	purine ribonucleoside monophosphate bios...	7	0	0.03	1.0000
467	GO:0009176	pyrimidine deoxyribonucleoside monophosp...	3	0	0.01	1.0000
468	GO:0009177	pyrimidine deoxyribonucleoside monophosp...	3	0	0.01	1.0000
469	GO:0009179	purine ribonucleoside diphosphate metabo...	38	0	0.18	1.0000
470	GO:0009185	ribonucleoside diphosphate metabolic pro...	38	0	0.18	1.0000
471	GO:0009199	ribonucleoside triphosphate metabolic pr...	26	0	0.12	1.0000
472	GO:0009201	ribonucleoside triphosphate biosynthetic...	26	0	0.12	1.0000
473	GO:0009205	purine ribonucleoside triphosphate metab...	26	0	0.12	1.0000
474	GO:0009206	purine ribonucleoside triphosphate biosy...	26	0	0.12	1.0000
475	GO:0009208	pyrimidine ribonucleoside triphosphate m...	5	0	0.02	1.0000
476	GO:0009209	pyrimidine ribonucleoside triphosphate b...	5	0	0.02	1.0000
477	GO:0009218	pyrimidine ribonucleotide metabolic proc...	5	0	0.02	1.0000
478	GO:0009219	pyrimidine deoxyribonucleotide metabolic...	4	0	0.02	1.0000
479	GO:0009220	pyrimidine ribonucleotide biosynthetic p...	5	0	0.02	1.0000
480	GO:0009221	pyrimidine deoxyribonucleotide biosynthe...	3	0	0.01	1.0000
481	GO:0009225	nucleotide-sugar metabolic process	3	0	0.01	1.0000
482	GO:0009226	nucleotide-sugar biosynthetic process	3	0	0.01	1.0000
483	GO:0009228	thiamine biosynthetic process	4	0	0.02	1.0000
484	GO:0009231	riboflavin biosynthetic process	9	0	0.04	1.0000
485	GO:0009245	lipid A biosynthetic process	4	0	0.02	1.0000
486	GO:0009247	glycolipid biosynthetic process	19	0	0.09	1.0000
487	GO:0009250	glucan biosynthetic process	20	0	0.1	1.0000
488	GO:0009259	ribonucleotide metabolic process	83	0	0.4	1.0000
489	GO:0009260	ribonucleotide biosynthetic process	37	0	0.18	1.0000
490	GO:0009262	deoxyribonucleotide metabolic process	5	0	0.02	1.0000
491	GO:0009263	deoxyribonucleotide biosynthetic process	3	0	0.01	1.0000
492	GO:0009265	2'-deoxyribonucleotide biosynthetic proc...	3	0	0.01	1.0000
493	GO:0009298	GDP-mannose biosynthetic process	3	0	0.01	1.0000
494	GO:0009308	amine metabolic process	33	0	0.16	1.0000
495	GO:0009309	amine biosynthetic process	11	0	0.05	1.0000
496	GO:0009311	oligosaccharide metabolic process	36	0	0.17	1.0000
497	GO:0009312	oligosaccharide biosynthetic process	26	0	0.12	1.0000
498	GO:0009314	response to radiation	9	0	0.04	1.0000
499	GO:0009394	2'-deoxyribonucleotide metabolic process	4	0	0.02	1.0000
500	GO:0009396	folic acid-containing compound biosynthe...	10	0	0.05	1.0000
501	GO:0009416	response to light stimulus	8	0	0.04	1.0000
502	GO:0009432	SOS response	3	0	0.01	1.0000
503	GO:0009435	NAD biosynthetic process	3	0	0.01	1.0000
504	GO:0009438	methylglyoxal metabolic process	3	0	0.01	1.0000
505	GO:0009451	RNA modification	40	0	0.19	1.0000
506	GO:0009452	7-methylguanosine RNA capping	4	0	0.02	1.0000
507	GO:0009581	detection of external stimulus	5	0	0.02	1.0000
508	GO:0009582	detection of abiotic stimulus	5	0	0.02	1.0000
509	GO:0009583	detection of light stimulus	5	0	0.02	1.0000
510	GO:0009584	detection of visible light	5	0	0.02	1.0000
511	GO:0009605	response to external stimulus	16	0	0.08	1.0000
512	GO:0009607	response to biotic stimulus	9	0	0.04	1.0000
513	GO:0009611	response to wounding	3	0	0.01	1.0000
514	GO:0009664	plant-type cell wall organization	9	0	0.04	1.0000
515	GO:0009690	cytokinin metabolic process	7	0	0.03	1.0000
516	GO:0009719	response to endogenous stimulus	64	0	0.3	1.0000
517	GO:0009725	response to hormone	64	0	0.3	1.0000
518	GO:0009733	response to auxin	46	0	0.22	1.0000
519	GO:0009743	response to carbohydrate	3	0	0.01	1.0000
520	GO:0009744	response to sucrose	3	0	0.01	1.0000
521	GO:0009755	hormone-mediated signaling pathway	3	0	0.01	1.0000
522	GO:0009765	photosynthesis, light harvesting	22	0	0.1	1.0000
523	GO:0009767	photosynthetic electron transport chain	4	0	0.02	1.0000
524	GO:0009832	plant-type cell wall biogenesis	8	0	0.04	1.0000
525	GO:0009856	pollination	27	0	0.13	1.0000
526	GO:0009875	pollen-pistil interaction	27	0	0.13	1.0000
527	GO:0009890	negative regulation of biosynthetic proc...	3	0	0.01	1.0000
528	GO:0009891	positive regulation of biosynthetic proc...	4	0	0.02	1.0000
529	GO:0009892	negative regulation of metabolic process	24	0	0.11	1.0000
530	GO:0009893	positive regulation of metabolic process	14	0	0.07	1.0000
531	GO:0009894	regulation of catabolic process	4	0	0.02	1.0000
532	GO:0009966	regulation of signal transduction	9	0	0.04	1.0000
533	GO:0009972	cytidine deamination	3	0	0.01	1.0000
534	GO:0009991	response to extracellular stimulus	7	0	0.03	1.0000
535	GO:0010033	response to organic substance	69	0	0.33	1.0000
536	GO:0010038	response to metal ion	3	0	0.01	1.0000
537	GO:0010109	regulation of photosynthesis	4	0	0.02	1.0000
538	GO:0010155	regulation of proton transport	3	0	0.01	1.0000
539	GO:0010207	photosystem II assembly	3	0	0.01	1.0000
540	GO:0010215	cellulose microfibril organization	7	0	0.03	1.0000
541	GO:0010256	endomembrane system organization	4	0	0.02	1.0000
542	GO:0010498	proteasomal protein catabolic process	6	0	0.03	1.0000
543	GO:0010557	positive regulation of macromolecule bio...	4	0	0.02	1.0000
544	GO:0010558	negative regulation of macromolecule bio...	3	0	0.01	1.0000
545	GO:0010562	positive regulation of phosphorus metabo...	6	0	0.03	1.0000
546	GO:0010564	regulation of cell cycle process	23	0	0.11	1.0000
547	GO:0010604	positive regulation of macromolecule met...	12	0	0.06	1.0000
548	GO:0010605	negative regulation of macromolecule met...	23	0	0.11	1.0000
549	GO:0010608	post-transcriptional regulation of gene ...	7	0	0.03	1.0000
550	GO:0010628	positive regulation of gene expression	3	0	0.01	1.0000
551	GO:0010629	negative regulation of gene expression	19	0	0.09	1.0000
552	GO:0010639	negative regulation of organelle organiz...	7	0	0.03	1.0000
553	GO:0010646	regulation of cell communication	9	0	0.04	1.0000
554	GO:0010817	regulation of hormone levels	8	0	0.04	1.0000
555	GO:0010876	lipid localization	16	0	0.08	1.0000
556	GO:0010948	negative regulation of cell cycle proces...	12	0	0.06	1.0000
557	GO:0010965	regulation of mitotic sister chromatid s...	8	0	0.04	1.0000
558	GO:0015031	protein transport	162	0	0.77	1.0000
559	GO:0015689	molybdate ion transport	5	0	0.02	1.0000
560	GO:0015693	magnesium ion transport	8	0	0.04	1.0000
561	GO:0015698	inorganic anion transport	24	0	0.11	1.0000
562	GO:0015711	organic anion transport	13	0	0.06	1.0000
563	GO:0015718	monocarboxylic acid transport	4	0	0.02	1.0000
564	GO:0015740	C4-dicarboxylate transport	8	0	0.04	1.0000
565	GO:0015743	malate transport	8	0	0.04	1.0000
566	GO:0015748	organophosphate ester transport	11	0	0.05	1.0000
567	GO:0015849	organic acid transport	36	0	0.17	1.0000
568	GO:0015914	phospholipid transport	11	0	0.05	1.0000
569	GO:0015936	coenzyme A metabolic process	5	0	0.02	1.0000
570	GO:0015937	coenzyme A biosynthetic process	3	0	0.01	1.0000
571	GO:0015939	pantothenate metabolic process	3	0	0.01	1.0000
572	GO:0015940	pantothenate biosynthetic process	3	0	0.01	1.0000
573	GO:0015969	guanosine tetraphosphate metabolic proce...	4	0	0.02	1.0000
574	GO:0015977	carbon fixation	4	0	0.02	1.0000
575	GO:0015979	photosynthesis	91	0	0.43	1.0000
576	GO:0015980	energy derivation by oxidation of organi...	20	0	0.1	1.0000
577	GO:0015986	proton motive force-driven ATP synthesis	18	0	0.09	1.0000
578	GO:0015994	chlorophyll metabolic process	5	0	0.02	1.0000
579	GO:0015995	chlorophyll biosynthetic process	3	0	0.01	1.0000
580	GO:0016042	lipid catabolic process	14	0	0.07	1.0000
581	GO:0016049	cell growth	8	0	0.04	1.0000
582	GO:0016050	vesicle organization	3	0	0.01	1.0000
583	GO:0016051	carbohydrate biosynthetic process	53	0	0.25	1.0000
584	GO:0016052	carbohydrate catabolic process	52	0	0.25	1.0000
585	GO:0016053	organic acid biosynthetic process	117	0	0.56	1.0000
586	GO:0016054	organic acid catabolic process	15	0	0.07	1.0000
587	GO:0016071	mRNA metabolic process	68	0	0.32	1.0000
588	GO:0016072	rRNA metabolic process	24	0	0.11	1.0000
589	GO:0016108	tetraterpenoid metabolic process	3	0	0.01	1.0000
590	GO:0016109	tetraterpenoid biosynthetic process	3	0	0.01	1.0000
591	GO:0016114	terpenoid biosynthetic process	8	0	0.04	1.0000
592	GO:0016116	carotenoid metabolic process	3	0	0.01	1.0000
593	GO:0016117	carotenoid biosynthetic process	3	0	0.01	1.0000
594	GO:0016192	vesicle-mediated transport	124	0	0.59	1.0000
595	GO:0016197	endosomal transport	5	0	0.02	1.0000
596	GO:0016226	iron-sulfur cluster assembly	10	0	0.05	1.0000
597	GO:0016236	macroautophagy	11	0	0.05	1.0000
598	GO:0016255	attachment of GPI anchor to protein	3	0	0.01	1.0000
599	GO:0016482	cytosolic transport	5	0	0.02	1.0000
600	GO:0016485	protein processing	13	0	0.06	1.0000
601	GO:0016559	peroxisome fission	5	0	0.02	1.0000
602	GO:0016567	protein ubiquitination	67	0	0.32	1.0000
603	GO:0016570	histone modification	25	0	0.12	1.0000
604	GO:0016571	histone methylation	12	0	0.06	1.0000
605	GO:0016573	histone acetylation	8	0	0.04	1.0000
606	GO:0016579	protein deubiquitination	15	0	0.07	1.0000
607	GO:0016998	cell wall macromolecule catabolic proces...	9	0	0.04	1.0000
608	GO:0017004	cytochrome complex assembly	9	0	0.04	1.0000
609	GO:0017038	protein import	21	0	0.1	1.0000
610	GO:0018022	peptidyl-lysine methylation	12	0	0.06	1.0000
611	GO:0018193	peptidyl-amino acid modification	55	0	0.26	1.0000
612	GO:0018205	peptidyl-lysine modification	22	0	0.1	1.0000
613	GO:0018208	peptidyl-proline modification	30	0	0.14	1.0000
614	GO:0018298	protein-chromophore linkage	5	0	0.02	1.0000
615	GO:0018342	protein prenylation	4	0	0.02	1.0000
616	GO:0018393	internal peptidyl-lysine acetylation	8	0	0.04	1.0000
617	GO:0018394	peptidyl-lysine acetylation	8	0	0.04	1.0000
618	GO:0018904	ether metabolic process	31	0	0.15	1.0000
619	GO:0019220	regulation of phosphate metabolic proces...	17	0	0.08	1.0000
620	GO:0019243	methylglyoxal catabolic process to D-lac...	3	0	0.01	1.0000
621	GO:0019310	inositol catabolic process	3	0	0.01	1.0000
622	GO:0019318	hexose metabolic process	17	0	0.08	1.0000
623	GO:0019319	hexose biosynthetic process	3	0	0.01	1.0000
624	GO:0019344	cysteine biosynthetic process	5	0	0.02	1.0000
625	GO:0019359	nicotinamide nucleotide biosynthetic pro...	6	0	0.03	1.0000
626	GO:0019362	pyridine nucleotide metabolic process	6	0	0.03	1.0000
627	GO:0019363	pyridine nucleotide biosynthetic process	6	0	0.03	1.0000
628	GO:0019395	fatty acid oxidation	7	0	0.03	1.0000
629	GO:0019439	aromatic compound catabolic process	29	0	0.14	1.0000
630	GO:0019646	aerobic electron transport chain	7	0	0.03	1.0000
631	GO:0019673	GDP-mannose metabolic process	3	0	0.01	1.0000
632	GO:0019684	photosynthesis, light reaction	34	0	0.16	1.0000
633	GO:0019692	deoxyribose phosphate metabolic process	4	0	0.02	1.0000
634	GO:0019693	ribose phosphate metabolic process	83	0	0.4	1.0000
635	GO:0019720	Mo-molybdopterin cofactor metabolic proc...	3	0	0.01	1.0000
636	GO:0019725	cellular homeostasis	115	0	0.55	1.0000
637	GO:0019748	secondary metabolic process	4	0	0.02	1.0000
638	GO:0019751	polyol metabolic process	15	0	0.07	1.0000
639	GO:0019752	carboxylic acid metabolic process	295	0	1.4	1.0000
640	GO:0022402	cell cycle process	47	0	0.22	1.0000
641	GO:0022406	membrane docking	10	0	0.05	1.0000
642	GO:0022411	cellular component disassembly	23	0	0.11	1.0000
643	GO:0022414	reproductive process	32	0	0.15	1.0000
644	GO:0022613	ribonucleoprotein complex biogenesis	55	0	0.26	1.0000
645	GO:0022618	ribonucleoprotein complex assembly	10	0	0.05	1.0000
646	GO:0022900	electron transport chain	23	0	0.11	1.0000
647	GO:0022904	respiratory electron transport chain	12	0	0.06	1.0000
648	GO:0023051	regulation of signaling	9	0	0.04	1.0000
649	GO:0030001	metal ion transport	96	0	0.46	1.0000
650	GO:0030003	cellular cation homeostasis	5	0	0.02	1.0000
651	GO:0030029	actin filament-based process	30	0	0.14	1.0000
652	GO:0030036	actin cytoskeleton organization	30	0	0.14	1.0000
653	GO:0030041	actin filament polymerization	8	0	0.04	1.0000
654	GO:0030042	actin filament depolymerization	10	0	0.05	1.0000
655	GO:0030071	regulation of mitotic metaphase/anaphase...	8	0	0.04	1.0000
656	GO:0030091	protein repair	11	0	0.05	1.0000
657	GO:0030150	protein import into mitochondrial matrix	5	0	0.02	1.0000
658	GO:0030198	extracellular matrix organization	7	0	0.03	1.0000
659	GO:0030243	cellulose metabolic process	9	0	0.04	1.0000
660	GO:0030244	cellulose biosynthetic process	9	0	0.04	1.0000
661	GO:0030258	lipid modification	10	0	0.05	1.0000
662	GO:0030259	lipid glycosylation	3	0	0.01	1.0000
663	GO:0030261	chromosome condensation	6	0	0.03	1.0000
664	GO:0030832	regulation of actin filament length	7	0	0.03	1.0000
665	GO:0030833	regulation of actin filament polymerizat...	7	0	0.03	1.0000
666	GO:0031047	gene silencing by RNA	11	0	0.05	1.0000
667	GO:0031109	microtubule polymerization or depolymeri...	4	0	0.02	1.0000
668	GO:0031123	RNA 3'-end processing	7	0	0.03	1.0000
669	GO:0031124	mRNA 3'-end processing	6	0	0.03	1.0000
670	GO:0031163	metallo-sulfur cluster assembly	10	0	0.05	1.0000
671	GO:0031167	rRNA methylation	3	0	0.01	1.0000
672	GO:0031204	post-translational protein targeting to ...	5	0	0.02	1.0000
673	GO:0031324	negative regulation of cellular metaboli...	6	0	0.03	1.0000
674	GO:0031325	positive regulation of cellular metaboli...	14	0	0.07	1.0000
675	GO:0031327	negative regulation of cellular biosynth...	3	0	0.01	1.0000
676	GO:0031328	positive regulation of cellular biosynth...	4	0	0.02	1.0000
677	GO:0031399	regulation of protein modification proce...	15	0	0.07	1.0000
678	GO:0031401	positive regulation of protein modificat...	6	0	0.03	1.0000
679	GO:0031570	DNA integrity checkpoint signaling	6	0	0.03	1.0000
680	GO:0031577	spindle checkpoint signaling	5	0	0.02	1.0000
681	GO:0031667	response to nutrient levels	3	0	0.01	1.0000
682	GO:0031668	cellular response to extracellular stimu...	7	0	0.03	1.0000
683	GO:0031669	cellular response to nutrient levels	3	0	0.01	1.0000
684	GO:0032011	ARF protein signal transduction	6	0	0.03	1.0000
685	GO:0032012	regulation of ARF protein signal transdu...	6	0	0.03	1.0000
686	GO:0032147	activation of protein kinase activity	6	0	0.03	1.0000
687	GO:0032200	telomere organization	6	0	0.03	1.0000
688	GO:0032259	methylation	40	0	0.19	1.0000
689	GO:0032268	regulation of cellular protein metabolic...	20	0	0.1	1.0000
690	GO:0032270	positive regulation of cellular protein ...	9	0	0.04	1.0000
691	GO:0032271	regulation of protein polymerization	7	0	0.03	1.0000
692	GO:0032446	protein modification by small protein co...	69	0	0.33	1.0000
693	GO:0032507	maintenance of protein location in cell	6	0	0.03	1.0000
694	GO:0032535	regulation of cellular component size	8	0	0.04	1.0000
695	GO:0032787	monocarboxylic acid metabolic process	113	0	0.54	1.0000
696	GO:0032870	cellular response to hormone stimulus	3	0	0.01	1.0000
697	GO:0032879	regulation of localization	3	0	0.01	1.0000
698	GO:0032886	regulation of microtubule-based process	7	0	0.03	1.0000
699	GO:0032940	secretion by cell	31	0	0.15	1.0000
700	GO:0032956	regulation of actin cytoskeleton organiz...	7	0	0.03	1.0000
701	GO:0032957	inositol trisphosphate metabolic process	4	0	0.02	1.0000
702	GO:0032970	regulation of actin filament-based proce...	7	0	0.03	1.0000
703	GO:0032984	protein-containing complex disassembly	23	0	0.11	1.0000
704	GO:0033013	tetrapyrrole metabolic process	25	0	0.12	1.0000
705	GO:0033014	tetrapyrrole biosynthetic process	19	0	0.09	1.0000
706	GO:0033015	tetrapyrrole catabolic process	6	0	0.03	1.0000
707	GO:0033036	macromolecule localization	195	0	0.93	1.0000
708	GO:0033043	regulation of organelle organization	22	0	0.1	1.0000
709	GO:0033044	regulation of chromosome organization	8	0	0.04	1.0000
710	GO:0033045	regulation of sister chromatid segregati...	8	0	0.04	1.0000
711	GO:0033046	negative regulation of sister chromatid ...	5	0	0.02	1.0000
712	GO:0033047	regulation of mitotic sister chromatid s...	5	0	0.02	1.0000
713	GO:0033048	negative regulation of mitotic sister ch...	5	0	0.02	1.0000
714	GO:0033108	mitochondrial respiratory chain complex ...	5	0	0.02	1.0000
715	GO:0033365	protein localization to organelle	45	0	0.21	1.0000
716	GO:0033500	carbohydrate homeostasis	5	0	0.02	1.0000
717	GO:0033554	cellular response to stress	127	0	0.6	1.0000
718	GO:0033674	positive regulation of kinase activity	6	0	0.03	1.0000
719	GO:0033692	cellular polysaccharide biosynthetic pro...	21	0	0.1	1.0000
720	GO:0033865	nucleoside bisphosphate metabolic proces...	12	0	0.06	1.0000
721	GO:0033866	nucleoside bisphosphate biosynthetic pro...	4	0	0.02	1.0000
722	GO:0033875	ribonucleoside bisphosphate metabolic pr...	12	0	0.06	1.0000
723	GO:0033993	response to lipid	3	0	0.01	1.0000
724	GO:0034030	ribonucleoside bisphosphate biosynthetic...	4	0	0.02	1.0000
725	GO:0034032	purine nucleoside bisphosphate metabolic...	12	0	0.06	1.0000
726	GO:0034033	purine nucleoside bisphosphate biosynthe...	4	0	0.02	1.0000
727	GO:0034035	purine ribonucleoside bisphosphate metab...	4	0	0.02	1.0000
728	GO:0034220	ion transmembrane transport	33	0	0.16	1.0000
729	GO:0034227	tRNA thio-modification	3	0	0.01	1.0000
730	GO:0034248	regulation of cellular amide metabolic p...	5	0	0.02	1.0000
731	GO:0034250	positive regulation of cellular amide me...	3	0	0.01	1.0000
732	GO:0034285	response to disaccharide	3	0	0.01	1.0000
733	GO:0034308	primary alcohol metabolic process	4	0	0.02	1.0000
734	GO:0034309	primary alcohol biosynthetic process	4	0	0.02	1.0000
735	GO:0034314	Arp2/3 complex-mediated actin nucleation	8	0	0.04	1.0000
736	GO:0034440	lipid oxidation	7	0	0.03	1.0000
737	GO:0034470	ncRNA processing	65	0	0.31	1.0000
738	GO:0034504	protein localization to nucleus	8	0	0.04	1.0000
739	GO:0034508	centromere complex assembly	3	0	0.01	1.0000
740	GO:0034613	cellular protein localization	147	0	0.7	1.0000
741	GO:0034637	cellular carbohydrate biosynthetic proce...	45	0	0.21	1.0000
742	GO:0034645	cellular macromolecule biosynthetic proc...	482	0	2.29	1.0000
743	GO:0034655	nucleobase-containing compound catabolic...	19	0	0.09	1.0000
744	GO:0034656	nucleobase-containing small molecule cat...	3	0	0.01	1.0000
745	GO:0034660	ncRNA metabolic process	108	0	0.51	1.0000
746	GO:0034754	cellular hormone metabolic process	7	0	0.03	1.0000
747	GO:0034762	regulation of transmembrane transport	3	0	0.01	1.0000
748	GO:0034765	regulation of ion transmembrane transpor...	3	0	0.01	1.0000
749	GO:0034968	histone lysine methylation	12	0	0.06	1.0000
750	GO:0035383	thioester metabolic process	3	0	0.01	1.0000
751	GO:0035434	copper ion transmembrane transport	5	0	0.02	1.0000
752	GO:0035437	maintenance of protein localization in e...	6	0	0.03	1.0000
753	GO:0035556	intracellular signal transduction	109	0	0.52	1.0000
754	GO:0036092	phosphatidylinositol-3-phosphate biosynt...	4	0	0.02	1.0000
755	GO:0036260	RNA capping	4	0	0.02	1.0000
756	GO:0040007	growth	8	0	0.04	1.0000
757	GO:0042126	nitrate metabolic process	3	0	0.01	1.0000
758	GO:0042128	nitrate assimilation	3	0	0.01	1.0000
759	GO:0042147	retrograde transport, endosome to Golgi	5	0	0.02	1.0000
760	GO:0042158	lipoprotein biosynthetic process	14	0	0.07	1.0000
761	GO:0042168	heme metabolic process	7	0	0.03	1.0000
762	GO:0042180	cellular ketone metabolic process	6	0	0.03	1.0000
763	GO:0042182	ketone catabolic process	3	0	0.01	1.0000
764	GO:0042254	ribosome biogenesis	45	0	0.21	1.0000
765	GO:0042325	regulation of phosphorylation	15	0	0.07	1.0000
766	GO:0042327	positive regulation of phosphorylation	6	0	0.03	1.0000
767	GO:0042398	cellular modified amino acid biosyntheti...	16	0	0.08	1.0000
768	GO:0042401	cellular biogenic amine biosynthetic pro...	11	0	0.05	1.0000
769	GO:0042430	indole-containing compound metabolic pro...	8	0	0.04	1.0000
770	GO:0042440	pigment metabolic process	15	0	0.07	1.0000
771	GO:0042445	hormone metabolic process	7	0	0.03	1.0000
772	GO:0042454	ribonucleoside catabolic process	3	0	0.01	1.0000
773	GO:0042545	cell wall modification	31	0	0.15	1.0000
774	GO:0042546	cell wall biogenesis	11	0	0.05	1.0000
775	GO:0042548	regulation of photosynthesis, light reac...	4	0	0.02	1.0000
776	GO:0042549	photosystem II stabilization	4	0	0.02	1.0000
777	GO:0042558	pteridine-containing compound metabolic ...	14	0	0.07	1.0000
778	GO:0042559	pteridine-containing compound biosynthet...	12	0	0.06	1.0000
779	GO:0042592	homeostatic process	116	0	0.55	1.0000
780	GO:0042593	glucose homeostasis	5	0	0.02	1.0000
781	GO:0042723	thiamine-containing compound metabolic p...	6	0	0.03	1.0000
782	GO:0042724	thiamine-containing compound biosyntheti...	6	0	0.03	1.0000
783	GO:0042726	flavin-containing compound metabolic pro...	9	0	0.04	1.0000
784	GO:0042727	flavin-containing compound biosynthetic ...	9	0	0.04	1.0000
785	GO:0042770	signal transduction in response to DNA d...	5	0	0.02	1.0000
786	GO:0042773	ATP synthesis coupled electron transport	8	0	0.04	1.0000
787	GO:0042775	mitochondrial ATP synthesis coupled elec...	6	0	0.03	1.0000
788	GO:0042908	xenobiotic transport	36	0	0.17	1.0000
789	GO:0043038	amino acid activation	44	0	0.21	1.0000
790	GO:0043039	tRNA aminoacylation	44	0	0.21	1.0000
791	GO:0043043	peptide biosynthetic process	405	0	1.93	1.0000
792	GO:0043062	extracellular structure organization	7	0	0.03	1.0000
793	GO:0043085	positive regulation of catalytic activit...	7	0	0.03	1.0000
794	GO:0043094	cellular metabolic compound salvage	3	0	0.01	1.0000
795	GO:0043161	proteasome-mediated ubiquitin-dependent ...	6	0	0.03	1.0000
796	GO:0043207	response to external biotic stimulus	3	0	0.01	1.0000
797	GO:0043243	positive regulation of protein-containin...	3	0	0.01	1.0000
798	GO:0043244	regulation of protein-containing complex...	5	0	0.02	1.0000
799	GO:0043254	regulation of protein-containing complex...	7	0	0.03	1.0000
800	GO:0043269	regulation of ion transport	3	0	0.01	1.0000
801	GO:0043413	macromolecule glycosylation	43	0	0.2	1.0000
802	GO:0043414	macromolecule methylation	36	0	0.17	1.0000
803	GO:0043436	oxoacid metabolic process	299	0	1.42	1.0000
804	GO:0043467	regulation of generation of precursor me...	4	0	0.02	1.0000
805	GO:0043543	protein acylation	9	0	0.04	1.0000
806	GO:0043545	molybdopterin cofactor metabolic process	4	0	0.02	1.0000
807	GO:0043549	regulation of kinase activity	15	0	0.07	1.0000
808	GO:0043562	cellular response to nitrogen levels	3	0	0.01	1.0000
809	GO:0043574	peroxisomal transport	4	0	0.02	1.0000
810	GO:0043603	cellular amide metabolic process	425	0	2.02	1.0000
811	GO:0043604	amide biosynthetic process	409	0	1.95	1.0000
812	GO:0043631	RNA polyadenylation	7	0	0.03	1.0000
813	GO:0043647	inositol phosphate metabolic process	5	0	0.02	1.0000
814	GO:0043648	dicarboxylic acid metabolic process	11	0	0.05	1.0000
815	GO:0043650	dicarboxylic acid biosynthetic process	3	0	0.01	1.0000
816	GO:0044036	cell wall macromolecule metabolic proces...	10	0	0.05	1.0000
817	GO:0044042	glucan metabolic process	41	0	0.2	1.0000
818	GO:0044087	regulation of cellular component biogene...	8	0	0.04	1.0000
819	GO:0044093	positive regulation of molecular functio...	7	0	0.03	1.0000
820	GO:0044106	cellular amine metabolic process	18	0	0.09	1.0000
821	GO:0044242	cellular lipid catabolic process	6	0	0.03	1.0000
822	GO:0044255	cellular lipid metabolic process	180	0	0.86	1.0000
823	GO:0044262	cellular carbohydrate metabolic process	87	0	0.41	1.0000
824	GO:0044264	cellular polysaccharide metabolic proces...	42	0	0.2	1.0000
825	GO:0044270	cellular nitrogen compound catabolic pro...	28	0	0.13	1.0000
826	GO:0044272	sulfur compound biosynthetic process	26	0	0.12	1.0000
827	GO:0044275	cellular carbohydrate catabolic process	3	0	0.01	1.0000
828	GO:0044282	small molecule catabolic process	28	0	0.13	1.0000
829	GO:0044419	biological process involved in interspec...	3	0	0.01	1.0000
830	GO:0044550	secondary metabolite biosynthetic proces...	3	0	0.01	1.0000
831	GO:0044706	multi-multicellular organism process	27	0	0.13	1.0000
832	GO:0044743	protein transmembrane import into intrac...	8	0	0.04	1.0000
833	GO:0044770	cell cycle phase transition	15	0	0.07	1.0000
834	GO:0044772	mitotic cell cycle phase transition	9	0	0.04	1.0000
835	GO:0044784	metaphase/anaphase transition of cell cy...	8	0	0.04	1.0000
836	GO:0045010	actin nucleation	12	0	0.06	1.0000
837	GO:0045017	glycerolipid biosynthetic process	40	0	0.19	1.0000
838	GO:0045040	protein insertion into mitochondrial out...	3	0	0.01	1.0000
839	GO:0045047	protein targeting to ER	16	0	0.08	1.0000
840	GO:0045184	establishment of protein localization	171	0	0.81	1.0000
841	GO:0045185	maintenance of protein location	6	0	0.03	1.0000
842	GO:0045229	external encapsulating structure organiz...	40	0	0.19	1.0000
843	GO:0045333	cellular respiration	20	0	0.1	1.0000
844	GO:0045454	cell redox homeostasis	101	0	0.48	1.0000
845	GO:0045727	positive regulation of translation	3	0	0.01	1.0000
846	GO:0045786	negative regulation of cell cycle	12	0	0.06	1.0000
847	GO:0045839	negative regulation of mitotic nuclear d...	5	0	0.02	1.0000
848	GO:0045841	negative regulation of mitotic metaphase...	5	0	0.02	1.0000
849	GO:0045859	regulation of protein kinase activity	14	0	0.07	1.0000
850	GO:0045860	positive regulation of protein kinase ac...	6	0	0.03	1.0000
851	GO:0045901	positive regulation of translational elo...	3	0	0.01	1.0000
852	GO:0045905	positive regulation of translational ter...	3	0	0.01	1.0000
853	GO:0045930	negative regulation of mitotic cell cycl...	7	0	0.03	1.0000
854	GO:0045934	negative regulation of nucleobase-contai...	5	0	0.02	1.0000
855	GO:0045935	positive regulation of nucleobase-contai...	3	0	0.01	1.0000
856	GO:0045937	positive regulation of phosphate metabol...	6	0	0.03	1.0000
857	GO:0046031	ADP metabolic process	38	0	0.18	1.0000
858	GO:0046034	ATP metabolic process	74	0	0.35	1.0000
859	GO:0046036	CTP metabolic process	5	0	0.02	1.0000
860	GO:0046039	GTP metabolic process	5	0	0.02	1.0000
861	GO:0046040	IMP metabolic process	6	0	0.03	1.0000
862	GO:0046051	UTP metabolic process	5	0	0.02	1.0000
863	GO:0046073	dTMP metabolic process	3	0	0.01	1.0000
864	GO:0046087	cytidine metabolic process	3	0	0.01	1.0000
865	GO:0046112	nucleobase biosynthetic process	3	0	0.01	1.0000
866	GO:0046131	pyrimidine ribonucleoside metabolic proc...	3	0	0.01	1.0000
867	GO:0046133	pyrimidine ribonucleoside catabolic proc...	3	0	0.01	1.0000
868	GO:0046135	pyrimidine nucleoside catabolic process	3	0	0.01	1.0000
869	GO:0046148	pigment biosynthetic process	9	0	0.04	1.0000
870	GO:0046164	alcohol catabolic process	3	0	0.01	1.0000
871	GO:0046165	alcohol biosynthetic process	10	0	0.05	1.0000
872	GO:0046168	glycerol-3-phosphate catabolic process	4	0	0.02	1.0000
873	GO:0046173	polyol biosynthetic process	6	0	0.03	1.0000
874	GO:0046174	polyol catabolic process	3	0	0.01	1.0000
875	GO:0046185	aldehyde catabolic process	4	0	0.02	1.0000
876	GO:0046348	amino sugar catabolic process	8	0	0.04	1.0000
877	GO:0046351	disaccharide biosynthetic process	21	0	0.1	1.0000
878	GO:0046364	monosaccharide biosynthetic process	3	0	0.01	1.0000
879	GO:0046385	deoxyribose phosphate biosynthetic proce...	3	0	0.01	1.0000
880	GO:0046390	ribose phosphate biosynthetic process	37	0	0.18	1.0000
881	GO:0046394	carboxylic acid biosynthetic process	107	0	0.51	1.0000
882	GO:0046395	carboxylic acid catabolic process	15	0	0.07	1.0000
883	GO:0046434	organophosphate catabolic process	5	0	0.02	1.0000
884	GO:0046451	diaminopimelate metabolic process	4	0	0.02	1.0000
885	GO:0046467	membrane lipid biosynthetic process	19	0	0.09	1.0000
886	GO:0046474	glycerophospholipid biosynthetic process	31	0	0.15	1.0000
887	GO:0046486	glycerolipid metabolic process	57	0	0.27	1.0000
888	GO:0046488	phosphatidylinositol metabolic process	47	0	0.22	1.0000
889	GO:0046493	lipid A metabolic process	4	0	0.02	1.0000
890	GO:0046496	nicotinamide nucleotide metabolic proces...	6	0	0.03	1.0000
891	GO:0046500	S-adenosylmethionine metabolic process	4	0	0.02	1.0000
892	GO:0046578	regulation of Ras protein signal transdu...	6	0	0.03	1.0000
893	GO:0046700	heterocycle catabolic process	27	0	0.13	1.0000
894	GO:0046785	microtubule polymerization	3	0	0.01	1.0000
895	GO:0046835	carbohydrate phosphorylation	5	0	0.02	1.0000
896	GO:0046836	glycolipid transport	3	0	0.01	1.0000
897	GO:0046854	phosphatidylinositol phosphate biosynthe...	17	0	0.08	1.0000
898	GO:0046903	secretion	31	0	0.15	1.0000
899	GO:0046907	intracellular transport	168	0	0.8	1.0000
900	GO:0046916	cellular transition metal ion homeostasi...	5	0	0.02	1.0000
901	GO:0046939	nucleotide phosphorylation	43	0	0.2	1.0000
902	GO:0046942	carboxylic acid transport	13	0	0.06	1.0000
903	GO:0048015	phosphatidylinositol-mediated signaling	4	0	0.02	1.0000
904	GO:0048017	inositol lipid-mediated signaling	4	0	0.02	1.0000
905	GO:0048193	Golgi vesicle transport	34	0	0.16	1.0000
906	GO:0048278	vesicle docking	10	0	0.05	1.0000
907	GO:0048285	organelle fission	25	0	0.12	1.0000
908	GO:0048367	shoot system development	3	0	0.01	1.0000
909	GO:0048518	positive regulation of biological proces...	16	0	0.08	1.0000
910	GO:0048519	negative regulation of biological proces...	38	0	0.18	1.0000
911	GO:0048522	positive regulation of cellular process	15	0	0.07	1.0000
912	GO:0048523	negative regulation of cellular process	20	0	0.1	1.0000
913	GO:0048544	recognition of pollen	27	0	0.13	1.0000
914	GO:0048583	regulation of response to stimulus	13	0	0.06	1.0000
915	GO:0048584	positive regulation of response to stimu...	4	0	0.02	1.0000
916	GO:0048731	system development	3	0	0.01	1.0000
917	GO:0048827	phyllome development	3	0	0.01	1.0000
918	GO:0048878	chemical homeostasis	14	0	0.07	1.0000
919	GO:0050790	regulation of catalytic activity	22	0	0.1	1.0000
920	GO:0050801	ion homeostasis	9	0	0.04	1.0000
921	GO:0051049	regulation of transport	3	0	0.01	1.0000
922	GO:0051052	regulation of DNA metabolic process	9	0	0.04	1.0000
923	GO:0051056	regulation of small GTPase mediated sign...	6	0	0.03	1.0000
924	GO:0051128	regulation of cellular component organiz...	26	0	0.12	1.0000
925	GO:0051129	negative regulation of cellular componen...	7	0	0.03	1.0000
926	GO:0051130	positive regulation of cellular componen...	3	0	0.01	1.0000
927	GO:0051156	glucose 6-phosphate metabolic process	7	0	0.03	1.0000
928	GO:0051168	nuclear export	3	0	0.01	1.0000
929	GO:0051169	nuclear transport	13	0	0.06	1.0000
930	GO:0051170	import into nucleus	8	0	0.04	1.0000
931	GO:0051172	negative regulation of nitrogen compound...	6	0	0.03	1.0000
932	GO:0051173	positive regulation of nitrogen compound...	12	0	0.06	1.0000
933	GO:0051174	regulation of phosphorus metabolic proce...	17	0	0.08	1.0000
934	GO:0051189	prosthetic group metabolic process	4	0	0.02	1.0000
935	GO:0051204	protein insertion into mitochondrial mem...	4	0	0.02	1.0000
936	GO:0051205	protein insertion into membrane	13	0	0.06	1.0000
937	GO:0051225	spindle assembly	5	0	0.02	1.0000
938	GO:0051235	maintenance of location	6	0	0.03	1.0000
939	GO:0051246	regulation of protein metabolic process	22	0	0.1	1.0000
940	GO:0051247	positive regulation of protein metabolic...	9	0	0.04	1.0000
941	GO:0051258	protein polymerization	11	0	0.05	1.0000
942	GO:0051259	protein complex oligomerization	6	0	0.03	1.0000
943	GO:0051260	protein homooligomerization	5	0	0.02	1.0000
944	GO:0051261	protein depolymerization	10	0	0.05	1.0000
945	GO:0051273	beta-glucan metabolic process	20	0	0.1	1.0000
946	GO:0051274	beta-glucan biosynthetic process	20	0	0.1	1.0000
947	GO:0051301	cell division	13	0	0.06	1.0000
948	GO:0051304	chromosome separation	9	0	0.04	1.0000
949	GO:0051306	mitotic sister chromatid separation	8	0	0.04	1.0000
950	GO:0051321	meiotic cell cycle	4	0	0.02	1.0000
951	GO:0051338	regulation of transferase activity	15	0	0.07	1.0000
952	GO:0051347	positive regulation of transferase activ...	6	0	0.03	1.0000
953	GO:0051493	regulation of cytoskeleton organization	14	0	0.07	1.0000
954	GO:0051596	methylglyoxal catabolic process	3	0	0.01	1.0000
955	GO:0051604	protein maturation	14	0	0.07	1.0000
956	GO:0051606	detection of stimulus	5	0	0.02	1.0000
957	GO:0051640	organelle localization	14	0	0.07	1.0000
958	GO:0051641	cellular localization	195	0	0.93	1.0000
959	GO:0051649	establishment of localization in cell	168	0	0.8	1.0000
960	GO:0051651	maintenance of location in cell	6	0	0.03	1.0000
961	GO:0051656	establishment of organelle localization	4	0	0.02	1.0000
962	GO:0051668	localization within membrane	32	0	0.15	1.0000
963	GO:0051707	response to other organism	3	0	0.01	1.0000
964	GO:0051726	regulation of cell cycle	35	0	0.17	1.0000
965	GO:0051783	regulation of nuclear division	5	0	0.02	1.0000
966	GO:0051784	negative regulation of nuclear division	5	0	0.02	1.0000
967	GO:0051983	regulation of chromosome segregation	8	0	0.04	1.0000
968	GO:0051985	negative regulation of chromosome segreg...	5	0	0.02	1.0000
969	GO:0052646	alditol phosphate metabolic process	4	0	0.02	1.0000
970	GO:0055065	metal ion homeostasis	6	0	0.03	1.0000
971	GO:0055072	iron ion homeostasis	5	0	0.02	1.0000
972	GO:0055076	transition metal ion homeostasis	5	0	0.02	1.0000
973	GO:0055080	cation homeostasis	6	0	0.03	1.0000
974	GO:0055082	cellular chemical homeostasis	13	0	0.06	1.0000
975	GO:0055086	nucleobase-containing small molecule met...	132	0	0.63	1.0000
976	GO:0060236	regulation of mitotic spindle organizati...	6	0	0.03	1.0000
977	GO:0061024	membrane organization	16	0	0.08	1.0000
978	GO:0061727	methylglyoxal catabolic process to lacta...	3	0	0.01	1.0000
979	GO:0061919	process utilizing autophagic mechanism	18	0	0.09	1.0000
980	GO:0065002	intracellular protein transmembrane tran...	13	0	0.06	1.0000
981	GO:0065008	regulation of biological quality	133	0	0.63	1.0000
982	GO:0065009	regulation of molecular function	24	0	0.11	1.0000
983	GO:0070085	glycosylation	46	0	0.22	1.0000
984	GO:0070507	regulation of microtubule cytoskeleton o...	7	0	0.03	1.0000
985	GO:0070585	protein localization to mitochondrion	9	0	0.04	1.0000
986	GO:0070646	protein modification by small protein re...	15	0	0.07	1.0000
987	GO:0070647	protein modification by small protein co...	84	0	0.4	1.0000
988	GO:0070726	cell wall assembly	7	0	0.03	1.0000
989	GO:0070727	cellular macromolecule localization	147	0	0.7	1.0000
990	GO:0070887	cellular response to chemical stimulus	5	0	0.02	1.0000
991	GO:0070925	organelle assembly	19	0	0.09	1.0000
992	GO:0070972	protein localization to endoplasmic reti...	22	0	0.1	1.0000
993	GO:0071103	DNA conformation change	12	0	0.06	1.0000
994	GO:0071173	spindle assembly checkpoint signaling	5	0	0.02	1.0000
995	GO:0071174	mitotic spindle checkpoint signaling	5	0	0.02	1.0000
996	GO:0071310	cellular response to organic substance	3	0	0.01	1.0000
997	GO:0071396	cellular response to lipid	3	0	0.01	1.0000
998	GO:0071495	cellular response to endogenous stimulus	3	0	0.01	1.0000
999	GO:0071496	cellular response to external stimulus	7	0	0.03	1.0000
1000	GO:0071554	cell wall organization or biogenesis	53	0	0.25	1.0000
1001	GO:0071555	cell wall organization	40	0	0.19	1.0000
1002	GO:0071668	plant-type cell wall assembly	7	0	0.03	1.0000
1003	GO:0071669	plant-type cell wall organization or bio...	10	0	0.05	1.0000
1004	GO:0071702	organic substance transport	224	0	1.07	1.0000
1005	GO:0071705	nitrogen compound transport	198	0	0.94	1.0000
1006	GO:0071805	potassium ion transmembrane transport	12	0	0.06	1.0000
1007	GO:0071806	protein transmembrane transport	13	0	0.06	1.0000
1008	GO:0071826	ribonucleoprotein complex subunit organi...	10	0	0.05	1.0000
1009	GO:0071900	regulation of protein serine/threonine k...	8	0	0.04	1.0000
1010	GO:0071941	nitrogen cycle metabolic process	4	0	0.02	1.0000
1011	GO:0072329	monocarboxylic acid catabolic process	6	0	0.03	1.0000
1012	GO:0072330	monocarboxylic acid biosynthetic process	50	0	0.24	1.0000
1013	GO:0072348	sulfur compound transport	10	0	0.05	1.0000
1014	GO:0072350	tricarboxylic acid metabolic process	5	0	0.02	1.0000
1015	GO:0072488	ammonium transmembrane transport	5	0	0.02	1.0000
1016	GO:0072521	purine-containing compound metabolic pro...	88	0	0.42	1.0000
1017	GO:0072522	purine-containing compound biosynthetic ...	42	0	0.2	1.0000
1018	GO:0072527	pyrimidine-containing compound metabolic...	26	0	0.12	1.0000
1019	GO:0072528	pyrimidine-containing compound biosynthe...	22	0	0.1	1.0000
1020	GO:0072529	pyrimidine-containing compound catabolic...	3	0	0.01	1.0000
1021	GO:0072593	reactive oxygen species metabolic proces...	8	0	0.04	1.0000
1022	GO:0072594	establishment of protein localization to...	38	0	0.18	1.0000
1023	GO:0072595	maintenance of protein localization in o...	6	0	0.03	1.0000
1024	GO:0072599	establishment of protein localization to...	16	0	0.08	1.0000
1025	GO:0072655	establishment of protein localization to...	9	0	0.04	1.0000
1026	GO:0072657	protein localization to membrane	30	0	0.14	1.0000
1027	GO:0072662	protein localization to peroxisome	4	0	0.02	1.0000
1028	GO:0072663	establishment of protein localization to...	4	0	0.02	1.0000
1029	GO:0080134	regulation of response to stress	4	0	0.02	1.0000
1030	GO:0080135	regulation of cellular response to stres...	3	0	0.01	1.0000
1031	GO:0090066	regulation of anatomical structure size	8	0	0.04	1.0000
1032	GO:0090150	establishment of protein localization to...	30	0	0.14	1.0000
1033	GO:0090151	establishment of protein localization to...	4	0	0.02	1.0000
1034	GO:0090224	regulation of spindle organization	6	0	0.03	1.0000
1035	GO:0097354	prenylation	4	0	0.02	1.0000
1036	GO:0097435	supramolecular fiber organization	26	0	0.12	1.0000
1037	GO:0098542	defense response to other organism	3	0	0.01	1.0000
1038	GO:0098655	cation transmembrane transport	27	0	0.13	1.0000
1039	GO:0098656	anion transmembrane transport	5	0	0.02	1.0000
1040	GO:0098660	inorganic ion transmembrane transport	28	0	0.13	1.0000
1041	GO:0098662	inorganic cation transmembrane transport	27	0	0.13	1.0000
1042	GO:0098771	inorganic ion homeostasis	6	0	0.03	1.0000
1043	GO:0098813	nuclear chromosome segregation	17	0	0.08	1.0000
1044	GO:0099402	plant organ development	3	0	0.01	1.0000
1045	GO:0110053	regulation of actin filament organizatio...	7	0	0.03	1.0000
1046	GO:0140013	meiotic nuclear division	3	0	0.01	1.0000
1047	GO:0140014	mitotic nuclear division	15	0	0.07	1.0000
1048	GO:0140029	exocytic process	9	0	0.04	1.0000
1049	GO:0140056	organelle localization by membrane tethe...	10	0	0.05	1.0000
1050	GO:0140352	export from cell	31	0	0.15	1.0000
1051	GO:0140694	non-membrane-bounded organelle assembly	8	0	0.04	1.0000
1052	GO:1901071	glucosamine-containing compound metaboli...	8	0	0.04	1.0000
1053	GO:1901072	glucosamine-containing compound cataboli...	8	0	0.04	1.0000
1054	GO:1901135	carbohydrate derivative metabolic proces...	201	0	0.96	1.0000
1055	GO:1901136	carbohydrate derivative catabolic proces...	17	0	0.08	1.0000
1056	GO:1901137	carbohydrate derivative biosynthetic pro...	108	0	0.51	1.0000
1057	GO:1901264	carbohydrate derivative transport	3	0	0.01	1.0000
1058	GO:1901269	lipooligosaccharide metabolic process	4	0	0.02	1.0000
1059	GO:1901271	lipooligosaccharide biosynthetic process	4	0	0.02	1.0000
1060	GO:1901293	nucleoside phosphate biosynthetic proces...	59	0	0.28	1.0000
1061	GO:1901361	organic cyclic compound catabolic proces...	28	0	0.13	1.0000
1062	GO:1901475	pyruvate transmembrane transport	4	0	0.02	1.0000
1063	GO:1901605	alpha-amino acid metabolic process	70	0	0.33	1.0000
1064	GO:1901606	alpha-amino acid catabolic process	9	0	0.04	1.0000
1065	GO:1901607	alpha-amino acid biosynthetic process	44	0	0.21	1.0000
1066	GO:1901616	organic hydroxy compound catabolic proce...	3	0	0.01	1.0000
1067	GO:1901657	glycosyl compound metabolic process	19	0	0.09	1.0000
1068	GO:1901658	glycosyl compound catabolic process	4	0	0.02	1.0000
1069	GO:1901701	cellular response to oxygen-containing c...	4	0	0.02	1.0000
1070	GO:1901987	regulation of cell cycle phase transitio...	15	0	0.07	1.0000
1071	GO:1901988	negative regulation of cell cycle phase ...	12	0	0.06	1.0000
1072	GO:1901990	regulation of mitotic cell cycle phase t...	9	0	0.04	1.0000
1073	GO:1901991	negative regulation of mitotic cell cycl...	6	0	0.03	1.0000
1074	GO:1902099	regulation of metaphase/anaphase transit...	8	0	0.04	1.0000
1075	GO:1902100	negative regulation of metaphase/anaphas...	5	0	0.02	1.0000
1076	GO:1902221	erythrose 4-phosphate/phosphoenolpyruvat...	7	0	0.03	1.0000
1077	GO:1902223	erythrose 4-phosphate/phosphoenolpyruvat...	6	0	0.03	1.0000
1078	GO:1902531	regulation of intracellular signal trans...	6	0	0.03	1.0000
1079	GO:1902600	proton transmembrane transport	3	0	0.01	1.0000
1080	GO:1902652	secondary alcohol metabolic process	3	0	0.01	1.0000
1081	GO:1902850	microtubule cytoskeleton organization in...	6	0	0.03	1.0000
1082	GO:1902903	regulation of supramolecular fiber organ...	7	0	0.03	1.0000
1083	GO:1903046	meiotic cell cycle process	3	0	0.01	1.0000
1084	GO:1903047	mitotic cell cycle process	23	0	0.11	1.0000
1085	GO:1903509	liposaccharide metabolic process	23	0	0.11	1.0000
1086	GO:1903825	organic acid transmembrane transport	28	0	0.13	1.0000
1087	GO:1904029	regulation of cyclin-dependent protein k...	8	0	0.04	1.0000
1088	GO:1904062	regulation of cation transmembrane trans...	3	0	0.01	1.0000
1089	GO:1905037	autophagosome organization	11	0	0.05	1.0000
1090	GO:1905039	carboxylic acid transmembrane transport	28	0	0.13	1.0000
1091	GO:1905818	regulation of chromosome separation	8	0	0.04	1.0000
1092	GO:1905819	negative regulation of chromosome separa...	5	0	0.02	1.0000
1093	GO:1990542	mitochondrial transmembrane transport	9	0	0.04	1.0000
1094	GO:2000112	regulation of cellular macromolecule bio...	5	0	0.02	1.0000
1095	GO:2000816	negative regulation of mitotic sister ch...	5	0	0.02	1.0000
1096	GO:2001020	regulation of response to DNA damage sti...	3	0	0.01	1.0000
1097	GO:2001057	reactive nitrogen species metabolic proc...	3	0	0.01	1.0000
1098	GO:2001251	negative regulation of chromosome organi...	5	0	0.02	1.0000
